﻿ind_id,ind_definition,reportyear,geotype,geotypevalue,geoname,county_name,county_fips,region_name,region_code,mode,avmttotal,totalpop,MpCratio,LL95CI_MpCratio,UL95CI_MpCratio,MpCratio_se,MpCratio_rse,CA_decile_MpCratio,CA_RR_MpC,areasqmi,MpSqMiratio,LL95CI_MpSqMiratio,UL95CI_MpSqMiratio,MpSqMiratio_se,MpSqMiratio_rse,CA_decile_MpSqMiratio,CA_RR_MpSqMi,groupquarters,version
39,"Miles traveled by occurrence and mode (vehicle, walk/bike)",2009,CO,06001,Alameda,Alameda,06001,Bay Area,01,Vehicle,13757831850,1503520,9150.414926,NA,NA,NA,NA,,1.0467578,739.017,18616394.28,NA,NA,NA,NA,,8.9431707,36458,10/3/2013 9:23
39,"Miles traveled by occurrence and mode (vehicle, walk/bike)",2009,CO,06003,Alpine,Alpine,06003,Central/Southeast Sierra,03,Vehicle,62301850,1186,52531.07083,NA,NA,NA,NA,,6.0092691,738.332,84381.89053,NA,NA,NA,NA,,0.0405364,22,10/3/2013 9:23
39,"Miles traveled by occurrence and mode (vehicle, walk/bike)",2009,CO,06005,Amador,Amador,06005,Central/Southeast Sierra,03,Vehicle,438427050,37948,11553.36381,NA,NA,NA,NA,,1.321642,594.583,737368.9628,NA,NA,NA,NA,,0.3542263,4561,10/3/2013 9:23
39,"Miles traveled by occurrence and mode (vehicle, walk/bike)",2009,CO,06007,Butte,Butte,06007,Butte,02,Vehicle,1652442600,219427,7530.716822,NA,NA,NA,NA,,0.8614731,1636.464,1009764.101,NA,NA,NA,NA,,0.4850828,5056,10/3/2013 9:23
39,"Miles traveled by occurrence and mode (vehicle, walk/bike)",2009,CO,06009,Calaveras,Calaveras,06009,Central/Southeast Sierra,03,Vehicle,404241150,45617,8861.633821,NA,NA,NA,NA,,1.0137228,1020.012,396310.1905,NA,NA,NA,NA,,0.1903843,503,10/3/2013 9:23
39,"Miles traveled by occurrence and mode (vehicle, walk/bike)",2009,CO,06011,Colusa,Colusa,06011,Northern Sacramento Valley,07,Vehicle,588423800,21301,27624.2336,NA,NA,NA,NA,,3.1600622,1150.731,511347.8302,NA,NA,NA,NA,,0.2456475,240,10/3/2013 9:23
39,"Miles traveled by occurrence and mode (vehicle, walk/bike)",2009,CO,06013,Contra Costa,Contra Costa,06013,Bay Area,01,Vehicle,8187420850,1043169,7848.604445,NA,NA,NA,NA,,0.8978377,715.937,11435951.56,NA,NA,NA,NA,,5.493742,10398,10/3/2013 9:23
39,"Miles traveled by occurrence and mode (vehicle, walk/bike)",2009,CO,06015,Del Norte,Del Norte,06015,North Coast,05,Vehicle,278838100,28573,9758.796766,NA,NA,NA,NA,,1.1163533,1006.373,277072.3181,NA,NA,NA,NA,,0.1331034,3856,10/3/2013 9:23
39,"Miles traveled by occurrence and mode (vehicle, walk/bike)",2009,CO,06017,El Dorado,El Dorado,06017,Sacramento Area,08,Vehicle,1608003850,179916,8937.525568,NA,NA,NA,NA,,1.0224044,1707.883,941518.7399,NA,NA,NA,NA,,0.4522983,1612,10/3/2013 9:23
39,"Miles traveled by occurrence and mode (vehicle, walk/bike)",2009,CO,06019,Fresno,Fresno,06019,San Joaquin Valley,10,Vehicle,8204729150,924159,8878.049286,NA,NA,NA,NA,,1.0156006,5957.991,1377096.6,NA,NA,NA,NA,,0.6615465,17913,10/3/2013 9:23
39,"Miles traveled by occurrence and mode (vehicle, walk/bike)",2009,CO,06021,Glenn,Glenn,06021,Northern Sacramento Valley,07,Vehicle,489789850,28104,17427.76295,NA,NA,NA,NA,,1.9936414,1313.947,372762.2575,NA,NA,NA,NA,,0.1790721,325,10/3/2013 9:23
39,"Miles traveled by occurrence and mode (vehicle, walk/bike)",2009,CO,06023,Humboldt,Humboldt,06023,North Coast,05,Vehicle,1260224550,133919,9410.349166,NA,NA,NA,NA,,1.0764928,3567.987,353203.2348,NA,NA,NA,NA,,0.1696761,4978,10/3/2013 9:23
39,"Miles traveled by occurrence and mode (vehicle, walk/bike)",2009,CO,06025,Imperial,Imperial,06025,Southern California,14,Vehicle,1903270600,172957,11004.29933,NA,NA,NA,NA,,1.2588321,4176.603,455698.2313,NA,NA,NA,NA,,0.2189139,11154,10/3/2013 9:23
39,"Miles traveled by occurrence and mode (vehicle, walk/bike)",2009,CO,06027,Inyo,Inyo,06027,Central/Southeast Sierra,03,Vehicle,523045000,18471,28317.09166,NA,NA,NA,NA,,3.2393214,10180.879,51375.22998,NA,NA,NA,NA,,0.0246803,434,10/3/2013 9:23
39,"Miles traveled by occurrence and mode (vehicle, walk/bike)",2009,CO,06029,Kern,Kern,06029,San Joaquin Valley,10,Vehicle,7861183850,831289,9456.619599,NA,NA,NA,NA,,1.0817859,8131.916,966707.4586,NA,NA,NA,NA,,0.4643987,36919,10/3/2013 9:23
39,"Miles traveled by occurrence and mode (vehicle, walk/bike)",2009,CO,06031,Kings,Kings,06031,San Joaquin Valley,10,Vehicle,1330706050,152267,8739.293806,NA,NA,NA,NA,,0.9997277,1389.42,957742.1154,NA,NA,NA,NA,,0.4600918,22241,10/3/2013 9:23
39,"Miles traveled by occurrence and mode (vehicle, walk/bike)",2009,CO,06033,Lake,Lake,06033,North Coast,05,Vehicle,642392700,64482,9962.356937,NA,NA,NA,NA,,1.1396395,1256.464,511270.2791,NA,NA,NA,NA,,0.2456103,1095,10/3/2013 9:23
39,"Miles traveled by occurrence and mode (vehicle, walk/bike)",2009,CO,06035,Lassen,Lassen,06035,Northeast Sierra,06,Vehicle,556022750,34871,15945.13349,NA,NA,NA,NA,,1.8240366,4541.184,122440.0399,NA,NA,NA,NA,,0.0588192,9415,10/3/2013 9:23
39,"Miles traveled by occurrence and mode (vehicle, walk/bike)",2009,CO,06037,Los Angeles,Los Angeles,06037,Southern California,14,Vehicle,78196450250,9811609,7969.788671,NA,NA,NA,NA,,0.9117005,4057.884,19270252.74,NA,NA,NA,NA,,9.2572792,172010,10/3/2013 9:23
39,"Miles traveled by occurrence and mode (vehicle, walk/bike)",2009,CO,06039,Madera,Madera,06039,San Joaquin Valley,10,Vehicle,1524856850,150191,10152.78445,NA,NA,NA,NA,,1.1614234,2137.069,713527.1954,NA,NA,NA,NA,,0.3427729,9198,10/3/2013 9:23
39,"Miles traveled by occurrence and mode (vehicle, walk/bike)",2009,CO,06041,Marin,Marin,06041,Bay Area,01,Vehicle,2792494550,251520,11102.47515,NA,NA,NA,NA,,1.2700628,520.306,5367023.54,NA,NA,NA,NA,,2.5782763,9394,10/3/2013 9:23
39,"Miles traveled by occurrence and mode (vehicle, walk/bike)",2009,CO,06043,Mariposa,Mariposa,06043,Central/Southeast Sierra,03,Vehicle,247703600,18306,13531.27936,NA,NA,NA,NA,,1.5479048,1448.816,170969.6745,NA,NA,NA,NA,,0.0821325,792,10/3/2013 9:23
39,"Miles traveled by occurrence and mode (vehicle, walk/bike)",2009,CO,06045,Mendocino,Mendocino,06045,North Coast,05,Vehicle,1172909250,87742,13367.70589,NA,NA,NA,NA,,1.5291929,3506.343,334510.6996,NA,NA,NA,NA,,0.1606963,2082,10/3/2013 9:23
39,"Miles traveled by occurrence and mode (vehicle, walk/bike)",2009,CO,06047,Merced,Merced,06047,San Joaquin Valley,10,Vehicle,2546656100,254213,10017.80436,NA,NA,NA,NA,,1.1459824,1934.972,1316120.388,NA,NA,NA,NA,,0.632254,4844,10/3/2013 9:23
39,"Miles traveled by occurrence and mode (vehicle, walk/bike)",2009,CO,06049,Modoc,Modoc,06049,Northeast Sierra,06,Vehicle,211524800,9647,21926.48492,NA,NA,NA,NA,,2.5082707,3917.77,53991.1225,NA,NA,NA,NA,,0.0259369,363,10/3/2013 9:23
39,"Miles traveled by occurrence and mode (vehicle, walk/bike)",2009,CO,06051,Mono,Mono,06051,Central/Southeast Sierra,03,Vehicle,316845550,14117,22444.25515,NA,NA,NA,NA,,2.5675008,3048.982,103918.4718,NA,NA,NA,NA,,0.0499216,234,10/3/2013 9:23
39,"Miles traveled by occurrence and mode (vehicle, walk/bike)",2009,CO,06053,Monterey,Monterey,06053,Monterey Bay,04,Vehicle,3644393600,413671,8809.884183,NA,NA,NA,NA,,1.0078029,3280.595,1110894.091,NA,NA,NA,NA,,0.5336649,19001,10/3/2013 9:23
39,"Miles traveled by occurrence and mode (vehicle, walk/bike)",2009,CO,06055,Napa,Napa,06055,Bay Area,01,Vehicle,1161725650,135771,8556.508017,NA,NA,NA,NA,,0.978818,748.362,1552357.883,NA,NA,NA,NA,,0.7457406,5004,10/3/2013 9:23
39,"Miles traveled by occurrence and mode (vehicle, walk/bike)",2009,CO,06057,Nevada,Nevada,06057,Northeast Sierra,06,Vehicle,1106566850,98620,11220.51156,NA,NA,NA,NA,,1.2835656,957.772,1155355.189,NA,NA,NA,NA,,0.5550236,1163,10/3/2013 9:23
39,"Miles traveled by occurrence and mode (vehicle, walk/bike)",2009,CO,06059,Orange,Orange,06059,Southern California,14,Vehicle,26572394200,2999830,8857.966685,NA,NA,NA,NA,,1.0133033,790.568,33611775.58,NA,NA,NA,NA,,16.146835,39689,10/3/2013 9:23
39,"Miles traveled by occurrence and mode (vehicle, walk/bike)",2009,CO,06061,Placer,Placer,06061,Sacramento Area,08,Vehicle,3424732950,344064,9953.767177,NA,NA,NA,NA,,1.1386569,1407.009,2434051.914,NA,NA,NA,NA,,1.1692996,3624,10/3/2013 9:23
39,"Miles traveled by occurrence and mode (vehicle, walk/bike)",2009,CO,06063,Plumas,Plumas,06063,Northeast Sierra,06,Vehicle,335164900,20131,16649.19279,NA,NA,NA,NA,,1.9045772,2553.043,131280.5542,NA,NA,NA,NA,,0.0630662,271,10/3/2013 9:23
39,"Miles traveled by occurrence and mode (vehicle, walk/bike)",2009,CO,06065,Riverside,Riverside,06065,Southern California,14,Vehicle,19881998950,2160159,9203.95163,NA,NA,NA,NA,,1.0528821,7206.48,2758905.728,NA,NA,NA,NA,,1.3253568,33873,10/3/2013 9:23
39,"Miles traveled by occurrence and mode (vehicle, walk/bike)",2009,CO,06067,Sacramento,Sacramento,06067,Sacramento Area,08,Vehicle,11711583450,1411714,8296.002909,NA,NA,NA,NA,,0.9490177,964.644,12140834.81,NA,NA,NA,NA,,5.8323624,24145,10/3/2013 9:23
39,"Miles traveled by occurrence and mode (vehicle, walk/bike)",2009,CO,06069,San Benito,San Benito,06069,Monterey Bay,04,Vehicle,502152400,55170,9101.910459,NA,NA,NA,NA,,1.0412091,1388.71,361596.3016,NA,NA,NA,NA,,0.173708,305,10/3/2013 9:23
39,"Miles traveled by occurrence and mode (vehicle, walk/bike)",2009,CO,06071,San Bernardino,San Bernardino,06071,Southern California,14,Vehicle,21212916700,2026287,10468.86088,NA,NA,NA,NA,,1.1975808,20056.938,1057634.854,NA,NA,NA,NA,,0.5080795,42026,10/3/2013 9:23
39,"Miles traveled by occurrence and mode (vehicle, walk/bike)",2009,CO,06073,San Diego,San Diego,06073,San Diego,09,Vehicle,27481017900,3078008,8928.18274,NA,NA,NA,NA,,1.0213356,4206.63,6532787.029,NA,NA,NA,NA,,3.1383,98449,10/3/2013 9:23
39,"Miles traveled by occurrence and mode (vehicle, walk/bike)",2009,CO,06075,San Francisco,San Francisco,06075,Bay Area,01,Vehicle,3212135050,802614,4002.091977,NA,NA,NA,NA,,0.4578176,46.873,68528471.61,NA,NA,NA,NA,,32.9205437,24034,10/3/2013 9:23
39,"Miles traveled by occurrence and mode (vehicle, walk/bike)",2009,CO,06077,San Joaquin,San Joaquin,06077,San Joaquin Valley,10,Vehicle,6240478000,680945,9164.437657,NA,NA,NA,NA,,1.0483619,1391.322,4485286.655,NA,NA,NA,NA,,2.1546968,14400,10/3/2013 9:23
39,"Miles traveled by occurrence and mode (vehicle, walk/bike)",2009,CO,06079,San Luis Obispo,San Luis Obispo,06079,San Luis Obispo,11,Vehicle,2839981050,268435,10579.77183,NA,NA,NA,NA,,1.2102684,3298.567,860974.1897,NA,NA,NA,NA,,0.4136053,16920,10/3/2013 9:23
39,"Miles traveled by occurrence and mode (vehicle, walk/bike)",2009,CO,06081,San Mateo,San Mateo,06081,Bay Area,01,Vehicle,6435935500,716216,8986.025864,NA,NA,NA,NA,,1.0279525,448.408,14352856.1,NA,NA,NA,NA,,6.8950002,9014,10/3/2013 9:23
39,"Miles traveled by occurrence and mode (vehicle, walk/bike)",2009,CO,06083,Santa Barbara,Santa Barbara,06083,Santa Barbara,12,Vehicle,3632874200,422469,8599.14976,NA,NA,NA,NA,,0.983696,2735.085,1328249.104,NA,NA,NA,NA,,0.6380805,17903,10/3/2013 9:23
39,"Miles traveled by occurrence and mode (vehicle, walk/bike)",2009,CO,06085,Santa Clara,Santa Clara,06085,Bay Area,01,Vehicle,14853879400,1774316,8371.608778,NA,NA,NA,NA,,0.9576666,1290.1,11513742.66,NA,NA,NA,NA,,5.5311122,30617,10/3/2013 9:23
39,"Miles traveled by occurrence and mode (vehicle, walk/bike)",2009,CO,06087,Santa Cruz,Santa Cruz,06087,Monterey Bay,04,Vehicle,1935514700,261722,7395.307617,NA,NA,NA,NA,,0.845983,445.17,4347810.275,NA,NA,NA,NA,,2.0886542,11014,10/3/2013 9:23
39,"Miles traveled by occurrence and mode (vehicle, walk/bike)",2009,CO,06089,Shasta,Shasta,06089,Shasta,13,Vehicle,1878538200,177002,10613.09025,NA,NA,NA,NA,,1.2140799,3775.402,497573.0267,NA,NA,NA,NA,,0.2390302,2736,10/3/2013 9:23
39,"Miles traveled by occurrence and mode (vehicle, walk/bike)",2009,CO,06091,Sierra,Sierra,06091,Northeast Sierra,06,Vehicle,102700050,3256,31541.7844,NA,NA,NA,NA,,3.6082088,953.214,107740.8116,NA,NA,NA,NA,,0.0517578,34,10/3/2013 9:23
39,"Miles traveled by occurrence and mode (vehicle, walk/bike)",2009,CO,06093,Siskiyou,Siskiyou,06093,Northeast Sierra,06,Vehicle,888596150,44979,19755.80048,NA,NA,NA,NA,,2.2599562,6277.887,141543.8268,NA,NA,NA,NA,,0.0679966,491,10/3/2013 9:23
39,"Miles traveled by occurrence and mode (vehicle, walk/bike)",2009,CO,06095,Solano,Solano,06095,Bay Area,01,Vehicle,4654626000,413050,11268.9166,NA,NA,NA,NA,,1.2891028,821.765,5664181.366,NA,NA,NA,NA,,2.7210286,12917,10/3/2013 9:23
39,"Miles traveled by occurrence and mode (vehicle, walk/bike)",2009,CO,06097,Sonoma,Sonoma,06097,Bay Area,01,Vehicle,3980996600,480792,8280.080783,NA,NA,NA,NA,,0.9471963,1575.849,2526255.117,NA,NA,NA,NA,,1.2135933,10259,10/3/2013 9:23
39,"Miles traveled by occurrence and mode (vehicle, walk/bike)",2009,CO,06099,Stanislaus,Stanislaus,06099,San Joaquin Valley,10,Vehicle,4013656800,512615,7829.76854,NA,NA,NA,NA,,0.895683,1494.827,2685030.977,NA,NA,NA,NA,,1.289868,6418,10/3/2013 9:23
39,"Miles traveled by occurrence and mode (vehicle, walk/bike)",2009,CO,06101,Sutter,Sutter,06101,Sacramento Area,08,Vehicle,901433200,94342,9554.951135,NA,NA,NA,NA,,1.0930345,602.41,1496378.214,NA,NA,NA,NA,,0.7188484,1143,10/3/2013 9:23
39,"Miles traveled by occurrence and mode (vehicle, walk/bike)",2009,CO,06103,Tehama,Tehama,06103,Northern Sacramento Valley,07,Vehicle,944970400,63170,14959.16416,NA,NA,NA,NA,,1.7112471,2949.709,320360.5508,NA,NA,NA,NA,,0.1538987,878,10/3/2013 9:23
39,"Miles traveled by occurrence and mode (vehicle, walk/bike)",2009,CO,06105,Trinity,Trinity,06105,North Coast,05,Vehicle,198611100,13781,14411.95124,NA,NA,NA,NA,,1.6486489,3179.254,62470.9759,NA,NA,NA,NA,,0.0300106,398,10/3/2013 9:23
39,"Miles traveled by occurrence and mode (vehicle, walk/bike)",2009,CO,06107,Tulare,Tulare,06107,San Joaquin Valley,10,Vehicle,3612072850,438089,8245.066299,NA,NA,NA,NA,,0.9431908,4824.215,748737.9501,NA,NA,NA,NA,,0.3596879,4883,10/3/2013 9:23
39,"Miles traveled by occurrence and mode (vehicle, walk/bike)",2009,CO,06109,Tuolumne,Tuolumne,06109,Central/Southeast Sierra,03,Vehicle,618846550,55476,11155.21216,NA,NA,NA,NA,,1.2760957,2220.884,278648.7498,NA,NA,NA,NA,,0.1338607,4649,10/3/2013 9:23
39,"Miles traveled by occurrence and mode (vehicle, walk/bike)",2009,CO,06111,Ventura,Ventura,06111,Southern California,14,Vehicle,6831924000,818696,8344.885037,NA,NA,NA,NA,,0.9546095,1843.133,3706690.727,NA,NA,NA,NA,,1.7806653,10755,10/3/2013 9:23
39,"Miles traveled by occurrence and mode (vehicle, walk/bike)",2009,CO,06113,Yolo,Yolo,06113,Sacramento Area,08,Vehicle,2068181250,199563,10363.55061,NA,NA,NA,NA,,1.1855339,1014.689,2038241.52,NA,NA,NA,NA,,0.9791553,6918,10/3/2013 9:23
39,"Miles traveled by occurrence and mode (vehicle, walk/bike)",2009,CO,06115,Yuba,Yuba,06115,Sacramento Area,08,Vehicle,635735100,71846,8848.580297,NA,NA,NA,NA,,1.0122295,631.839,1006166.286,NA,NA,NA,NA,,0.4833544,1199,10/3/2013 9:23
